MDS_X,MDS_Y,C1_X,C1_Y
0.631780632,0.389503581,0.65977144,0.393543
0.965414867,0.616694898,0.9720839,0.6336968
0.965414129,0.61669709,0.9720839,0.6336968
0.965414162,0.616696993,0.9720839,0.6336968
0.537593112,0.690363186,0.53858423,0.7027376
0.535162937,0.696525582,0.5434866,0.6645279
0.537593112,0.690363186,0.53858423,0.7027376
0.535162937,0.696525582,0.5434866,0.6645279
0.518289326,0.613306963,0.51430917,0.61314684
0.511639175,0.601619521,0.5150962,0.6041797
0.518289326,0.613306963,0.51430917,0.61314684
0.511639175,0.601619521,0.5150962,0.6041797
0.518289326,0.613306963,0.51430917,0.61314684
0.511639175,0.601619521,0.5150962,0.6041797
0.518289326,0.613306963,0.51430917,0.61314684
0.511639175,0.601619521,0.5150962,0.6041797
0.272141757,0.604445873,0.26435292,0.6070951
0.286305571,0.601169341,0.2844263,0.6038103
0.272141757,0.604445873,0.26435292,0.6070951
0.286305571,0.601169341,0.2844263,0.6038103
0.272141757,0.604445873,0.2706058,0.6116752
0.286305571,0.601169341,0.28917488,0.59309125
0.272141757,0.604445873,0.2706058,0.6116752
0.286305571,0.601169341,0.28917488,0.59309125
0.273672712,0.613244931,0.2706058,0.6116752
0.287978878,0.610824612,0.28917488,0.59309125
0.273672712,0.613244931,0.2706058,0.6116752
0.287978878,0.610824612,0.28917488,0.59309125
0.272141757,0.604445873,0.26435292,0.6070951
0.286305571,0.601169341,0.2844263,0.6038103
0.272141757,0.604445873,0.26435292,0.6070951
0.286305571,0.601169341,0.2844263,0.6038103
0.272141757,0.604445873,0.26435292,0.6070951
0.286305571,0.601169341,0.2844263,0.6038103
0.272141757,0.604445873,0.26435292,0.6070951
0.286305571,0.601169341,0.2844263,0.6038103
0.927777158,0.499773359,0.95011723,0.5032373
0.927777158,0.49977336,0.95011723,0.5032373
0.273672712,0.613244931,0.2706058,0.6116752
0.287978878,0.610824612,0.28917488,0.59309125
0.273672712,0.613244931,0.2706058,0.6116752
0.287978878,0.610824612,0.28917488,0.59309125
0.276540435,0.569246918,0.2716187,0.5726954
0.282220729,0.570696112,0.2785799,0.54671144
0.276540435,0.569246918,0.2716187,0.5726954
0.282220729,0.570696112,0.2785799,0.54671144
0.273672712,0.613244931,0.2706058,0.6116752
0.287978878,0.610824612,0.28917488,0.59309125
0.273672712,0.613244931,0.2706058,0.6116752
0.297952418,0.613988953,0.23890962,0.60008276
0.272141757,0.604445873,0.26435292,0.6070951
0.286305571,0.601169341,0.2844263,0.6038103
0.272141757,0.604445873,0.26435292,0.6070951
0.286305571,0.601169341,0.2844263,0.6038103
0.272141757,0.604445873,0.26435292,0.6070951
0.286305571,0.601169341,0.2844263,0.6038103
0.272141757,0.604445873,0.26435292,0.6070951
0.286305571,0.601169341,0.2844263,0.6038103
0.272141757,0.604445873,0.26435292,0.6070951
0.286305571,0.601169341,0.2844263,0.6038103
0.272141757,0.604445873,0.26435292,0.6070951
0.286305571,0.601169341,0.2844263,0.6038103
0.274763815,0.563740843,0.27465463,0.5644
0.279876623,0.565233471,0.28071725,0.5848023
0.274763815,0.563740843,0.27465463,0.5644
0.279876623,0.565233471,0.28071725,0.5848023
0.272141757,0.604445873,0.26435292,0.6070951
0.286305571,0.601169341,0.2844263,0.6038103
0.272141757,0.604445873,0.26435292,0.6070951
0.286305571,0.601169341,0.2844263,0.6038103
0.927777159,0.499773356,0.95011723,0.5032373
0.963951085,0.613032107,0.7657268,0.7369657
0.949561349,0.61177109,0.83580756,0.2994156
0.959989198,0.610823169,0.96504235,0.6263544
0.956279272,0.621919164,0.99635065,0.38825524
0.537593112,0.690363186,0.53858423,0.7027376
0.535162937,0.696525582,0.5434866,0.6645279
0.537593112,0.690363186,0.53858423,0.7027376
0.535162937,0.696525582,0.5434866,0.6645279
0.518289326,0.613306963,0.51430917,0.61314684
0.511639175,0.601619521,0.5150962,0.6041797
0.518289326,0.613306963,0.51430917,0.61314684
0.511639175,0.601619521,0.5150962,0.6041797
0.272141757,0.604445873,0.26435292,0.6070951
0.286305571,0.601169341,0.2844263,0.6038103
0.272141757,0.604445873,0.26435292,0.6070951
0.286305571,0.601169341,0.2844263,0.6038103
0.274763815,0.563740843,0.27465463,0.5644
0.279876623,0.565233471,0.28071725,0.5848023
0.274763815,0.563740843,0.27465463,0.5644
0.279876623,0.565233471,0.28071725,0.5848023
0.272141757,0.604445873,0.26435292,0.6070951
0.286305571,0.601169341,0.2844263,0.6038103
0.272141757,0.604445873,0.26435292,0.6070951
0.286305571,0.601169341,0.2844263,0.6038103
0.274763815,0.563740843,0.27465463,0.5644
0.279876623,0.565233471,0.28071725,0.5848023
0.274763815,0.563740843,0.27465463,0.5644
0.279876623,0.565233471,0.28071725,0.5848023
0.927777159,0.499773354,0.95011723,0.5032373
0.927777159,0.499773357,0.95011723,0.5032373
0.965413965,0.616697577,0.9720839,0.6336968
0.965414759,0.616695222,0.9391637,0.5114321
0.965414895,0.616694817,0.9391637,0.5114321
0.922264416,0.501452558,0.92230356,0.5208001
0.922264416,0.50145256,0.92230356,0.5208001
0.518289326,0.613306963,0.51430917,0.61314684
0.511639175,0.601619521,0.5150962,0.6041797
0.518289326,0.613306963,0.51430917,0.61314684
0.511639175,0.601619521,0.5150962,0.6041797
0.290711044,0.687713543,0.30898955,0.64528793
0.293647565,0.702708587,0.29131472,0.69177747
0.290711044,0.687713543,0.30898955,0.64528793
0.293647565,0.702708587,0.29131472,0.69177747
0.269046063,0.597863502,0.2706058,0.6116752
0.283017812,0.594307914,0.2733244,0.60195994
0.269046063,0.597863502,0.2706058,0.6116752
0.283017812,0.594307914,0.2733244,0.60195994
0.269046063,0.597863502,0.2706058,0.6116752
0.283017812,0.594307914,0.2733244,0.60195994
0.269046063,0.597863502,0.2706058,0.6116752
0.283017812,0.594307914,0.2733244,0.60195994
0.269046063,0.597863502,0.2706058,0.6116752
0.283017812,0.594307914,0.2733244,0.60195994
0.269046063,0.597863502,0.2706058,0.6116752
0.283017812,0.594307914,0.2733244,0.60195994
0.269046063,0.597863502,0.2706058,0.6116752
0.283017812,0.594307914,0.2733244,0.60195994
0.269046063,0.597863502,0.2706058,0.6116752
0.283017812,0.594307914,0.2733244,0.60195994
0.271093845,0.560038084,0.2716187,0.5726954
0.27500202,0.561222635,0.27437097,0.5920016
0.271093845,0.560038084,0.2716187,0.5726954
0.27500202,0.561222635,0.27437097,0.5920016
0.93773591,0.382027036,0.9443855,0.45767558
0.9377359,0.382026963,0.9443855,0.45767558
0.832029158,0.411928983,0.7871094,0.5623013
0.832029158,0.411928983,0.7871094,0.5623013
0.832029158,0.411928983,0.7871094,0.5623013
0.832029158,0.411928983,0.7871094,0.5623013
0.832029158,0.411928983,0.7871094,0.5623013
0.832029158,0.411928983,0.7871094,0.5623013
0.832029158,0.411928983,0.7871094,0.5623013
0.832029158,0.411928983,0.7871094,0.5623013
0.832029158,0.411928983,0.7871094,0.5623013
0.832029158,0.411928983,0.7871094,0.5623013
0.832029158,0.411928983,0.7871094,0.5623013
0.832029158,0.411928983,0.7871094,0.5623013
0.832029158,0.411928983,0.7871094,0.5623013
0.832029158,0.411928983,0.7871094,0.5623013
0.832029158,0.411928983,0.7871094,0.5623013
0.832029158,0.411928983,0.7871094,0.5623013
0.82522627,0.336928556,0.83527195,0.35310507
0.821535619,0.334589854,0.8184998,0.35390723
0.821535619,0.334589854,0.7947701,0.33047467
0.821535619,0.334589854,0.8184998,0.35390723
0.821535619,0.334589854,0.7947701,0.33047467
0.821535619,0.334589854,0.8184998,0.35390723
0.821535619,0.334589854,0.7947701,0.33047467
0.244476007,0.478565345,0.2772135,0.46128875
0.247891143,0.472196055,0.24871936,0.47576457
0.249654875,0.475328119,0.24514557,0.4736141
0.247891143,0.472196055,0.24871936,0.47576457
0.249654875,0.475328119,0.24514557,0.4736141
0.247891143,0.472196055,0.24871936,0.47576457
0.249654875,0.475328119,0.24514557,0.4736141
0.247891143,0.472196055,0.24871936,0.47576457
0.249654875,0.475328119,0.24514557,0.4736141
0.247891143,0.472196055,0.24871936,0.47576457
0.247891143,0.472196055,0.24871936,0.47576457
0.247891143,0.472196055,0.24871936,0.47576457
0.247891143,0.472196055,0.24871936,0.47576457
0.247891143,0.472196055,0.24871936,0.47576457
0.247891143,0.472196055,0.24871936,0.47576457
0.247891143,0.472196055,0.24871936,0.47576457
0.247891143,0.472196055,0.24871936,0.47576457
0.223178181,0.243398032,0.21885875,0.24885431
0.233580253,0.262703054,0.23866268,0.26636636
0.223178181,0.243398032,0.21885875,0.24885431
0.233580253,0.262703054,0.23866268,0.26636636
0.223178181,0.243398032,0.21885875,0.24885431
0.233580253,0.262703054,0.23866268,0.26636636
0.223178181,0.243398032,0.21885875,0.24885431
0.233580253,0.262703054,0.23866268,0.26636636
0.223178181,0.243398032,0.21885875,0.24885431
0.233580253,0.262703054,0.23866268,0.26636636
0.223178181,0.243398032,0.21885875,0.24885431
0.233580253,0.262703054,0.23866268,0.26636636
0.223178181,0.243398032,0.21885875,0.24885431
0.233580253,0.262703054,0.23866268,0.26636636
0.223178181,0.243398032,0.21885875,0.24885431
0.233580253,0.262703054,0.23866268,0.26636636
0.223178181,0.243398032,0.21885875,0.24885431
0.233580253,0.262703054,0.23866268,0.26636636
0.223178181,0.243398032,0.21885875,0.24885431
0.233580253,0.262703054,0.23866268,0.26636636
0.223178181,0.243398032,0.21885875,0.24885431
0.233580253,0.262703054,0.23866268,0.26636636
0.223178181,0.243398032,0.21885875,0.24885431
0.233580253,0.262703054,0.23866268,0.26636636
0.223178181,0.243398032,0.21885875,0.24885431
0.233580253,0.262703054,0.23866268,0.26636636
0.223178181,0.243398032,0.21885875,0.24885431
0.233580253,0.262703054,0.23866268,0.26636636
0.223178181,0.243398032,0.21885875,0.24885431
0.233580253,0.262703054,0.23866268,0.26636636
0.223178181,0.243398032,0.21885875,0.24885431
0.233580253,0.262703054,0.23866268,0.26636636
0.223178181,0.243398032,0.21885875,0.24885431
0.233580253,0.262703054,0.23866268,0.26636636
0.223178181,0.243398032,0.21885875,0.24885431
0.233580253,0.262703054,0.23866268,0.26636636
0.223178181,0.243398032,0.21885875,0.24885431
0.233580253,0.262703054,0.23866268,0.26636636
0.223178181,0.243398032,0.21885875,0.24885431
0.233580253,0.262703054,0.23866268,0.26636636
0.247891143,0.472196055,0.24871936,0.47576457
0.247891143,0.472196055,0.24871936,0.47576457
0.247891143,0.472196055,0.24871936,0.47576457
0.247891143,0.472196055,0.24871936,0.47576457
0.247891143,0.472196055,0.24871936,0.47576457
0.247891143,0.472196055,0.24871936,0.47576457
0.247891143,0.472196055,0.24871936,0.47576457
0.247891143,0.472196055,0.24871936,0.47576457
0.247891143,0.472196055,0.24871936,0.47576457
0.247891143,0.472196055,0.24871936,0.47576457
0.247891143,0.472196055,0.24871936,0.47576457
0.247891143,0.472196055,0.24871936,0.47576457
0.247891143,0.472196055,0.24871936,0.47576457
0.247891143,0.472196055,0.24871936,0.47576457
0.247891143,0.472196055,0.24871936,0.47576457
0.247891143,0.472196055,0.24871936,0.47576457
0.247891143,0.472196055,0.24871936,0.47576457
0.247891143,0.472196055,0.24871936,0.47576457
0.247891143,0.472196055,0.24871936,0.47576457
0.247891143,0.472196055,0.24871936,0.47576457
0.247891143,0.472196055,0.24871936,0.47576457
0.247891143,0.472196055,0.24871936,0.47576457
0.247891143,0.472196055,0.24871936,0.47576457
0.247891143,0.472196055,0.24871936,0.47576457
0.247891143,0.472196055,0.24871936,0.47576457
0.247891143,0.472196055,0.24871936,0.47576457
0.247891143,0.472196055,0.24871936,0.47576457
0.247891143,0.472196055,0.24871936,0.47576457
0.247891143,0.472196055,0.24871936,0.47576457
0.247891143,0.472196055,0.24871936,0.47576457
0.247891143,0.472196055,0.24871936,0.47576457
0.247891143,0.472196055,0.24871936,0.47576457
0.247891143,0.472196055,0.24871936,0.47576457
0.247891143,0.472196055,0.24871936,0.47576457
0.247891143,0.472196055,0.24871936,0.47576457
0.247891143,0.472196055,0.24871936,0.47576457
0.247891143,0.472196055,0.24871936,0.47576457
0.247891143,0.472196055,0.24871936,0.47576457
0.247891143,0.472196055,0.24871936,0.47576457
0.247891143,0.472196055,0.24871936,0.47576457
0.223178181,0.243398032,0.21885875,0.24885431
0.233580253,0.262703054,0.23866268,0.26636636
0.223178181,0.243398032,0.21885875,0.24885431
0.233580253,0.262703054,0.23866268,0.26636636
0.223178181,0.243398032,0.21885875,0.24885431
0.233580253,0.262703054,0.23866268,0.26636636
0.223178181,0.243398032,0.21885875,0.24885431
0.233580253,0.262703054,0.23866268,0.26636636
0.223178181,0.243398032,0.21885875,0.24885431
0.233580253,0.262703054,0.23866268,0.26636636
0.223178181,0.243398032,0.21885875,0.24885431
0.233580253,0.262703054,0.23866268,0.26636636
0.223178181,0.243398032,0.21885875,0.24885431
0.233580253,0.262703054,0.23866268,0.26636636
0.223178181,0.243398032,0.21885875,0.24885431
0.233580253,0.262703054,0.23866268,0.26636636
0.223178181,0.243398032,0.21885875,0.24885431
0.233580253,0.262703054,0.23866268,0.26636636
0.223178181,0.243398032,0.21885875,0.24885431
0.233580253,0.262703054,0.23866268,0.26636636
0.223178181,0.243398032,0.21885875,0.24885431
0.233580253,0.262703054,0.23866268,0.26636636
0.223178181,0.243398032,0.21885875,0.24885431
0.233580253,0.262703054,0.23866268,0.26636636
0.82522627,0.336928556,0.83527195,0.35310507
0.82522627,0.336928556,0.83527195,0.35310507
0.82522627,0.336928556,0.83527195,0.35310507
0.82522627,0.336928556,0.83527195,0.35310507
0.82522627,0.336928556,0.83527195,0.35310507
0.82522627,0.336928556,0.83527195,0.35310507
0.82522627,0.336928556,0.83527195,0.35310507
0.82522627,0.336928556,0.83527195,0.35310507
0.82522627,0.336928556,0.83527195,0.35310507
0.82522627,0.336928556,0.83527195,0.35310507
0.82522627,0.336928556,0.83527195,0.35310507
0.82522627,0.336928556,0.83527195,0.35310507
0.82522627,0.336928556,0.83527195,0.35310507
0.82522627,0.336928556,0.83527195,0.35310507
0.82522627,0.336928556,0.83527195,0.35310507
0.82522627,0.336928556,0.83527195,0.35310507
0.82522627,0.336928556,0.83527195,0.35310507
0.82522627,0.336928556,0.83527195,0.35310507
0.82522627,0.336928556,0.83527195,0.35310507
0.82522627,0.336928556,0.83527195,0.35310507
0.82522627,0.336928556,0.83527195,0.35310507
0.82522627,0.336928556,0.83527195,0.35310507
0.82522627,0.336928556,0.83527195,0.35310507
0.82522627,0.336928556,0.83527195,0.35310507
0.82522627,0.336928556,0.83527195,0.35310507
0.82522627,0.336928556,0.83527195,0.35310507
0.82522627,0.336928556,0.83527195,0.35310507
0.82522627,0.336928556,0.83527195,0.35310507
0.82522627,0.336928556,0.83527195,0.35310507
0.82522627,0.336928556,0.83527195,0.35310507
0.82522627,0.336928556,0.83527195,0.35310507
0.82522627,0.336928556,0.83527195,0.35310507
0.687785348,0.12915605,0.6929995,0.13083532
0.690082804,0.154431626,0.70231056,0.14923528
0.687785348,0.12915605,0.6929995,0.13083532
0.690082804,0.154431626,0.70231056,0.14923528
0.687785348,0.12915605,0.6929995,0.13083532
0.690082804,0.154431626,0.70231056,0.14923528
0.687785348,0.12915605,0.6929995,0.13083532
0.690082804,0.154431626,0.70231056,0.14923528
0.687785348,0.12915605,0.6929995,0.13083532
0.690082804,0.154431626,0.70231056,0.14923528
0.687785348,0.12915605,0.6929995,0.13083532
0.690082804,0.154431626,0.70231056,0.14923528
0.687785348,0.12915605,0.6929995,0.13083532
0.690082804,0.154431626,0.70231056,0.14923528
0.687785348,0.12915605,0.6929995,0.13083532
0.690082804,0.154431626,0.70231056,0.14923528
0.687785348,0.12915605,0.6929995,0.13083532
0.690082804,0.154431626,0.70231056,0.14923528
0.687785348,0.12915605,0.6929995,0.13083532
0.690082804,0.154431626,0.70231056,0.14923528
0.687785348,0.12915605,0.6929995,0.13083532
0.690082804,0.154431626,0.70231056,0.14923528
0.687785348,0.12915605,0.6929995,0.13083532
0.690082804,0.154431626,0.70231056,0.14923528
0.687785348,0.12915605,0.6929995,0.13083532
0.690082804,0.154431626,0.70231056,0.14923528
0.687785348,0.12915605,0.6929995,0.13083532
0.690082804,0.154431626,0.70231056,0.14923528
0.687785348,0.12915605,0.6929995,0.13083532
0.690082804,0.154431626,0.70231056,0.14923528
0.687785348,0.12915605,0.6929995,0.13083532
0.690082804,0.154431626,0.70231056,0.14923528
0.223178181,0.243398032,0.21885875,0.24885431
0.233580253,0.262703054,0.23866268,0.26636636
0.223178181,0.243398032,0.21885875,0.24885431
0.233580253,0.262703054,0.23866268,0.26636636
0.223178181,0.243398032,0.21885875,0.24885431
0.233580253,0.262703054,0.23866268,0.26636636
0.223178181,0.243398032,0.21885875,0.24885431
0.233580253,0.262703054,0.23866268,0.26636636
0.223178181,0.243398032,0.21885875,0.24885431
0.233580253,0.262703054,0.23866268,0.26636636
0.223178181,0.243398032,0.21885875,0.24885431
0.233580253,0.262703054,0.23866268,0.26636636
0.223178181,0.243398032,0.21885875,0.24885431
0.233580253,0.262703054,0.23866268,0.26636636
0.223178181,0.243398032,0.21885875,0.24885431
0.233580253,0.262703054,0.23866268,0.26636636
0.223178181,0.243398032,0.21885875,0.24885431
0.233580253,0.262703054,0.23866268,0.26636636
0.223178181,0.243398032,0.21885875,0.24885431
0.233580253,0.262703054,0.23866268,0.26636636
0.223178181,0.243398032,0.21885875,0.24885431
0.233580253,0.262703054,0.23866268,0.26636636
0.223178181,0.243398032,0.21885875,0.24885431
0.233580253,0.262703054,0.23866268,0.26636636
0.903142269,0.439364198,0.9100821,0.43172896
0.883943935,0.412140678,0.90267074,0.41478223
0.903142269,0.439364198,0.9100821,0.43172896
0.883943935,0.412140677,0.90267074,0.41478223
0.903142269,0.439364198,0.9100821,0.43172896
0.883943935,0.412140677,0.90267074,0.41478223
0.903142269,0.439364198,0.9100821,0.43172896
0.883943935,0.412140678,0.90267074,0.41478223
0.776122091,0.282391805,0.7831588,0.30003718
0.779630092,0.293967523,0.79829776,0.2946235
0.776122091,0.282391805,0.7831588,0.30003718
0.779630092,0.293967523,0.79829776,0.2946235
0.776122091,0.282391805,0.7831588,0.30003718
0.779630092,0.293967523,0.79829776,0.2946235
0.776122091,0.282391805,0.7831588,0.30003718
0.817099675,0.083552047,0.8182719,0.08804973
0.84401274,0.108616554,0.8745626,0.6113619
0.817081611,0.083533514,0.8182719,0.08804973
1,0.208624529,0.7686219,0.6910199
0.485870258,0.217440254,0.48069862,0.23756886
0.497332345,0.181282295,0.48977742,0.19116713
0.485870258,0.217440254,0.48069862,0.23756886
0.497332345,0.181282295,0.48977742,0.19116713
0.590005286,0.589025956,0.58891237,0.51890516
0.573911193,0.381989804,0.58286226,0.37317866
0.553617684,0.330656414,0.5694494,0.42157143
0.710131707,0.288667655,0.7275573,0.29977077
0.388956461,0.290201362,0.40100187,0.28077662
0.37770678,0.323269489,0.425905,0.3198572
0.388956461,0.290201362,0.40100187,0.28077662
0.37770678,0.323269489,0.425905,0.3198572
0.388956461,0.290201362,0.40100187,0.28077662
0.37770678,0.323269489,0.425905,0.3198572
0.388956461,0.290201362,0.40100187,0.28077662
0.169941548,0.742088491,0.2862702,0.6718247
0.584594039,0.416025402,0.615479,0.42569888
0.578822674,0.35049651,0.5797647,0.32874975
0.584594039,0.416025402,0.615479,0.42569888
0.578822674,0.35049651,0.5797647,0.32874975
0.584594039,0.416025402,0.615479,0.42569888
0.578822674,0.35049651,0.5797647,0.32874975
0.584594039,0.416025402,0.615479,0.42569888
0.54247147,0.349082811,0.58725107,0.35848367
0.373632582,0.288636655,0.36532786,0.2845049
0.374642486,0.318937228,0.3768871,0.32174772
0.373632582,0.288636655,0.36532786,0.2845049
0.374642486,0.318937228,0.3768871,0.32174772
0.373632582,0.288636655,0.36532786,0.2845049
0.374642486,0.318937228,0.3768871,0.32174772
0.373632582,0.288636655,0.36532786,0.2845049
0.792384271,0.425459474,0.78123236,0.4065717
0.437831,0.39926167,0.448173,0.39793324
0.50390148,0.479828103,0.51713693,0.49308425
0.437831,0.39926167,0.448173,0.39793324
0.50390148,0.479828103,0.51713693,0.49308425
0.626495917,0.914100184,0.7871094,0.5623013
0.626495922,0.914100182,0.7871094,0.5623013
0.397267996,0.438740672,0.3640803,0.44123012
0.396685763,0.398267066,0.38839293,0.38740778
0.397267996,0.438740672,0.3640803,0.44123012
0.396685763,0.398267066,0.38839293,0.38740778
0.397267996,0.438740672,0.3640803,0.44123012
0.396685763,0.398267066,0.38839293,0.38740778
0.397267996,0.438740672,0.3640803,0.44123012
0.388079074,0.39079788,0.40128314,0.41590375
0.437831,0.39926167,0.448173,0.39793324
0.50390148,0.479828103,0.51713693,0.49308425
0.437831,0.39926167,0.448173,0.39793324
0.50390148,0.479828103,0.51713693,0.49308425
0.437831,0.39926167,0.448173,0.39793324
0.50390148,0.479828103,0.51713693,0.49308425
0.437831,0.39926167,0.448173,0.39793324
0.887239656,0.476172326,0.89495194,0.4594367
0.356236374,0.253574259,0.34047735,0.25400192
0.353401906,0.263272855,0.36499226,0.27011037
0.356236374,0.253574259,0.34047735,0.25400192
0.353401906,0.263272855,0.36499226,0.27011037
0.356236374,0.253574259,0.34047735,0.25400192
0.353401906,0.263272855,0.36499226,0.27011037
0.371186521,0.091414204,0.3609783,0.078653924
0.76601526,0.833241752,0.7769269,0.7968657
0.48327041,0.202921084,0.4663089,0.19457538
0.492087767,0.204253964,0.46749818,0.19373386
0.48327041,0.202921084,0.4663089,0.19457538
0.756397661,0.23430288,0.7634163,0.21972275
0.378794022,0.204371617,0.41855484,0.18555886
0.433963861,0.220249018,0.4155666,0.18559152
0.378794022,0.204371617,0.41855484,0.18555886
0.866698646,0.70227678,0.84118545,0.7096619
0.397267996,0.438740672,0.3640803,0.44123012
0.396685763,0.398267066,0.38839293,0.38740778
0.397267996,0.438740672,0.3640803,0.44123012
0.396685763,0.398267066,0.38839293,0.38740778
0.397267996,0.438740672,0.3640803,0.44123012
0.396685763,0.398267066,0.38839293,0.38740778
0.397267996,0.438740672,0.3640803,0.44123012
0.388079074,0.39079788,0.40128314,0.41590375
0.436942342,0.396568691,0.44363528,0.39520204
0.501582791,0.25570975,0.5066296,0.25114864
0.436942342,0.396568691,0.44363528,0.39520204
0.501582791,0.25570975,0.5066296,0.25114864
0.436942342,0.396568691,0.44363528,0.39520204
0.501582791,0.25570975,0.5066296,0.25114864
0.436942342,0.396568691,0.44363528,0.39520204
0.62528474,0.056874858,0.6539237,0.118287876
0.373632582,0.288636655,0.36532786,0.2845049
0.374642486,0.318937228,0.3768871,0.32174772
0.373632582,0.288636655,0.36532786,0.2845049
0.374642486,0.318937228,0.3768871,0.32174772
0.373632582,0.288636655,0.36532786,0.2845049
0.374642486,0.318937228,0.3768871,0.32174772
0.441732202,0.306082778,0.4998948,0.22943555
0.428015732,0.321592375,0.44495735,0.31182516
0.37522241,0.191592531,0.38190374,0.23733546
0.410838237,0.128283909,0.40738147,0.16399209
0.37522241,0.191592531,0.38190374,0.23733546
0.410838237,0.128283909,0.40738147,0.16399209
0.317542118,0.79206085,0.4174831,0.101904765
0.408547159,0.827313158,0.4203365,0.08965963
0.394723617,0.086026985,0.4174831,0.101904765
0.434995026,0.066856893,0.4203365,0.08965963
0.37522241,0.191592531,0.38190374,0.23733546
0.410838237,0.128283909,0.40738147,0.16399209
0.37522241,0.191592531,0.38190374,0.23733546
0.410838237,0.128283909,0.40738147,0.16399209
0.223765645,0.193624387,0.24310157,0.19099776
0.650110669,0.246009815,0.6574247,0.24484216
0.223765645,0.193624387,0.24310157,0.19099776
0.756397661,0.23430288,0.7634163,0.21972275
0.59325917,0.481127809,0.64008534,0.43303514
0.59580736,0.587909663,0.5776633,0.5719857
0.59325917,0.481127809,0.64008534,0.43303514
0.59580736,0.587909663,0.5776633,0.5719857
0.595394412,0.734211309,0.6436722,0.707201
0.595394413,0.734211309,0.6436722,0.707201
0.966359588,0.628557037,0.8108089,0.19237202
0.434051967,0.695802992,0.44449633,0.7019975
0.425108366,0.691284603,0.620728,0.48507833
0.434051967,0.695802992,0.44449633,0.7019975
0.369737573,0.394300613,0.372042,0.39541286
0.346943931,0.416320083,0.3510412,0.4175607
0.369737573,0.394300613,0.372042,0.39541286
0.346943931,0.416320083,0.3510412,0.4175607
0.352668578,0.294707677,0.32773715,0.27115244
0.286576201,0.249521478,0.34253109,0.31820703
0.352668578,0.294707677,0.32773715,0.27115244
0.871371987,0.770059704,0.86236405,0.7745252
0.325852226,0.314695012,0.34102127,0.3099647
0.419931244,0.250553034,0.44486642,0.25963736
0.325852226,0.314695012,0.34102127,0.3099647
0.419931244,0.250553034,0.44486642,0.25963736
0.325852226,0.314695012,0.34102127,0.3099647
0.419931244,0.250553034,0.44486642,0.25963736
0.325852226,0.314695012,0.34102127,0.3099647
0.936921312,0.664924858,0.5303449,0.15363026
0.626495915,0.914100185,0.7871094,0.5623013
0.626495912,0.914100186,0.7871094,0.5623013
0.626495948,0.914100172,0.7871094,0.5623013
0.626495925,0.914100181,0.7871094,0.5623013
0.470699761,0.90948323,0.47038773,0.92695457
0.466477133,0.910561799,0.49076423,0.91523975
0.470699766,0.90948323,0.47038773,0.92695457
0.9445888,0.703306008,1.0013981,0.68974316
0.403899446,0.69874287,0.39775324,0.6654068
0.504077091,0.715916061,0.4993214,0.72708076
0.403899446,0.69874287,0.39775324,0.6654068
0.504077091,0.715916061,0.4993214,0.72708076
0.329823271,0.341870453,0.31754127,0.3250326
0.417662555,0.257375932,0.41359025,0.2554456
0.329823271,0.341870453,0.31754127,0.3250326
0.417662555,0.257375932,0.41359025,0.2554456
0.329823271,0.341870453,0.31754127,0.3250326
0.417662555,0.257375932,0.41359025,0.2554456
0.329823271,0.341870453,0.31754127,0.3250326
0.417662555,0.257375932,0.41359025,0.2554456
0.329823271,0.341870453,0.31754127,0.3250326
0.417662555,0.257375932,0.41359025,0.2554456
0.329823271,0.341870453,0.31754127,0.3250326
0.417662555,0.257375932,0.41359025,0.2554456
0.330176765,0.339247884,0.3099547,0.35107166
0.429782445,0.28642566,0.42601806,0.26224434
0.330176765,0.339247884,0.3099547,0.35107166
0.429782445,0.28642566,0.42601806,0.26224434
0.903142269,0.439364198,0.9100821,0.43172896
0.903142269,0.439364198,0.9100821,0.43172896
0.903142269,0.439364198,0.9100821,0.43172896
0.903142269,0.439364198,0.9100821,0.43172896
0.318573573,0.211378072,0.34217075,0.22000705
0.358956068,0.182369656,0.3573166,0.18166614
0.318573573,0.211378072,0.34217075,0.22000705
0.358956068,0.182369656,0.3573166,0.18166614
0.328737354,0.342940748,0.33630657,0.32345694
0.414663803,0.258562594,0.42487955,0.25335133
0.328737354,0.342940748,0.33630657,0.32345694
0.414663803,0.258562594,0.42487955,0.25335133
0.31301401,0.262958423,0.3015386,0.28362894
0.393185234,0.205182705,0.4068445,0.20077759
0.31301401,0.262958423,0.3015386,0.28362894
0.393185234,0.205182705,0.4068445,0.20077759
0.31301401,0.262958423,0.3015386,0.28362894
0.393185234,0.205182705,0.4068445,0.20077759
0.328737354,0.342940748,0.33630657,0.32345694
0.414663803,0.258562594,0.42487955,0.25335133
0.329823271,0.341870453,0.3367107,0.33546233
0.42677913,0.289731842,0.43569005,0.28515565
0.329823271,0.341870453,0.3367107,0.33546233
0.42677913,0.289731842,0.43569005,0.28515565
0.328737354,0.342940748,0.33630657,0.32345694
0.414663803,0.258562594,0.42565542,0.27894434
0.328737354,0.342940748,0.33630657,0.32345694
0.414663803,0.258562594,0.42565542,0.27894434
0.31301401,0.262958423,0.3015386,0.28362894
0.393185234,0.205182705,0.39734632,0.21886638
0.31301401,0.262958423,0.3015386,0.28362894
0.393185234,0.205182705,0.39734632,0.21886638
0.309608392,0.200912852,0.30147704,0.19208959
0.380131343,0.145509844,0.40446717,0.17570785
0.309608392,0.200912852,0.30147704,0.19208959
0.380131343,0.145509844,0.40446717,0.17570785
0.317828861,0.301863968,0.32031918,0.3045337
0.401689348,0.19781027,0.39115423,0.18336415
0.317828861,0.301863968,0.32031918,0.3045337
0.401689348,0.19781027,0.39115423,0.18336415
0.317828861,0.301863968,0.32031918,0.3045337
0.401689348,0.19781027,0.39115423,0.18336415
0.317828861,0.301863968,0.32031918,0.3045337
0.401689348,0.19781027,0.39115423,0.18336415
0.75146011,0.175830394,0.73821163,0.12853023
0.75146011,0.175830394,0.73821163,0.12853023
0.75146011,0.175830394,0.73821163,0.12853023
0.663263855,0.021765532,0.63655686,0.0989315
0.324880144,0.283334033,0.28474328,0.26951528
0.373546848,0.238469535,0.37505,0.2510748
0.324880144,0.283334033,0.28474328,0.26951528
0.373546848,0.238469535,0.37505,0.2510748
0.341770116,0.803234648,0.46769294,0.19091484
0.423162896,0.776406712,0.4780241,0.18948531
0.351484501,0.104191944,0.46769294,0.19091484
0.473851872,0.16026493,0.4780241,0.18948531
0.389768183,0.501509098,0.37420452,0.4977827
0.431567188,0.511557687,0.44527644,0.47573906
0.389768183,0.501509098,0.37420452,0.4977827
0.431567188,0.511557687,0.44527644,0.47573906
0.374835894,0.4697559,0.4021861,0.47335225
0.420222457,0.484396956,0.42372143,0.5017116
0.374835894,0.4697559,0.4021861,0.47335225
0.417252436,0.443649254,0.4125533,0.44392085
0.374835894,0.4697559,0.39322838,0.45635796
0.417252436,0.443649254,0.4125533,0.44392085
0.374835894,0.4697559,0.39322838,0.45635796
0.417252436,0.443649254,0.4125533,0.44392085
0.374835894,0.4697559,0.39322838,0.45635796
0.417252436,0.443649254,0.4125533,0.44392085
0.374835894,0.4697559,0.39322838,0.45635796
0.417252436,0.443649254,0.4125533,0.44392085
0.648046005,0.092960277,0.6572037,0.09332596
0.648046005,0.092960277,0.6572037,0.09332596
0.648046005,0.092960277,0.6572037,0.09332596
0.648046265,0.092960421,0.6572037,0.09332596
0.648046005,0.092960277,0.6572037,0.09332596
0.648046005,0.092960277,0.6572037,0.09332596
0.555710323,0.03598987,0.57666147,0.09313068
0.667029956,0.021513545,0.6394878,0.12270282
0.359128515,0.719100188,0.35887325,0.7328597
0.546299471,0.321893351,0.57483226,0.3579021
0.359128515,0.719100188,0.35887325,0.7328597
0.467281979,0.77820851,0.4515442,0.79187787
0.386865636,0.698373622,0.38683707,0.69857055
0.469940032,0.703286407,0.46800268,0.69675004
0.386865636,0.698373622,0.38683707,0.69857055
0.469940032,0.703286407,0.46800268,0.69675004
0.386865636,0.698373622,0.38683707,0.69857055
0.469940032,0.703286407,0.46800268,0.69675004
0.386865636,0.698373622,0.38683707,0.69857055
0.469940032,0.703286407,0.46800268,0.69675004
0.386865636,0.698373622,0.38683707,0.69857055
0.469940032,0.703286407,0.46800268,0.69675004
0.386865636,0.698373622,0.38683707,0.69857055
0.469940032,0.703286407,0.46800268,0.69675004
0.374101457,0.607324044,0.3677461,0.6164584
0.464389732,0.551973609,0.48068774,0.5302782
0.374101457,0.607324044,0.3677461,0.6164584
0.464389732,0.551973609,0.48068774,0.5302782
0.374101457,0.607324044,0.3677461,0.6164584
0.464389732,0.551973609,0.48068774,0.5302782
0.374101457,0.607324044,0.3677461,0.6164584
0.464389732,0.551973609,0.48068774,0.5302782
0.374101457,0.607324044,0.3677461,0.6164584
0.464389732,0.551973609,0.48068774,0.5302782
0.374101457,0.607324044,0.3677461,0.6164584
0.451793862,0.619900121,0.38808346,0.616031
0.386865636,0.698373622,0.38683707,0.69857055
0.469940032,0.703286407,0.46800268,0.69675004
0.386865636,0.698373622,0.38683707,0.69857055
0.469940032,0.703286407,0.46800268,0.69675004
0.386865636,0.698373622,0.38683707,0.69857055
0.469940032,0.703286407,0.46800268,0.69675004
0.386865636,0.698373622,0.38683707,0.69857055
0.469940032,0.703286407,0.46800268,0.69675004
0.374101457,0.607324044,0.3677461,0.6164584
0.464389732,0.551973609,0.48068774,0.5302782
0.374101457,0.607324044,0.3677461,0.6164584
0.464389732,0.551973609,0.48068774,0.5302782
0.81377607,0.272651517,0.8119103,0.2879414
0.788347933,0.220517415,0.68766737,0.47581166
0.81377607,0.272651517,0.8119103,0.2879414
0.788347933,0.220517415,0.68766737,0.47581166
0.81377607,0.272651517,0.8119103,0.2879414
0.788347933,0.220517415,0.68766737,0.47581166
0.81377607,0.272651517,0.8119103,0.2879414
0.788347933,0.220517415,0.68766737,0.47581166
0.481078636,0.271936102,0.5168992,0.31025088
0.418195333,0.294546029,0.39370805,0.2997759
0.32732794,0.36500892,0.3230863,0.37159252
0.418195333,0.294546029,0.39370805,0.2997759
0.32732794,0.36500892,0.3230863,0.37159252
0.418195333,0.294546029,0.39370805,0.2997759
0.32732794,0.36500892,0.3230863,0.37159252
0.418195333,0.294546029,0.39370805,0.2997759
0.32732794,0.36500892,0.3230863,0.37159252
0.418195333,0.294546029,0.39370805,0.2997759
0.32732794,0.36500892,0.3230863,0.37159252
0.418195333,0.294546029,0.39370805,0.2997759
0.32732794,0.36500892,0.3230863,0.37159252
0.418195333,0.294546029,0.39370805,0.2997759
0.31373214,0.3077819,0.32007936,0.30748135
0.407515587,0.231843963,0.41346526,0.24766546
0.312253441,0.300461459,0.31850952,0.29690027
0.405417167,0.226254601,0.3993559,0.21333726
0.312253441,0.300461459,0.31850952,0.29690027
0.405417167,0.226254601,0.3993559,0.21333726
0.312253441,0.300461459,0.31850952,0.29690027
0.405417167,0.226254601,0.3993559,0.21333726
0.312253441,0.300461459,0.31850952,0.29690027
0.405417167,0.226254601,0.3993559,0.21333726
0.326175144,0.258528093,0.26998216,0.32705238
0.434739059,0.197434814,0.4307847,0.20729394
0.190367846,0.368339653,0.26998216,0.32705238
0.434739059,0.197434814,0.4307847,0.20729394
0.311936244,0.344181866,0.28106976,0.410567
0.414700788,0.270582598,0.38270804,0.24891368
0.312253441,0.300461459,0.31850952,0.29690027
0.405417167,0.226254601,0.3993559,0.21333726
0.312253441,0.300461459,0.31850952,0.29690027
0.405417167,0.226254601,0.3993559,0.21333726
0.312253441,0.300461459,0.31850952,0.29690027
0.405417167,0.226254601,0.3993559,0.21333726
0.867176628,0.611733911,0.8598192,0.6075308
0.867176637,0.611733886,0.8598192,0.6075308
0.86717663,0.611733905,0.8598192,0.6075308
0.86717663,0.611733905,0.8598192,0.6075308
0.790482891,0.65482948,0.8055681,0.65810627
0.687120988,0.494406917,0.6869099,0.5065302
0.687120988,0.494406917,0.6869099,0.5065302
0.687120988,0.494406917,0.6869099,0.5065302
0.687120988,0.494406917,0.6869099,0.5065302
0.687120988,0.494406917,0.6869099,0.5065302
0.687120988,0.494406917,0.6869099,0.5065302
0.687120988,0.494406917,0.6869099,0.5065302
0.687120988,0.494406917,0.6869099,0.5065302
0.687120988,0.494406917,0.6869099,0.5065302
0.687120988,0.494406917,0.6869099,0.5065302
0.687120988,0.494406917,0.6869099,0.5065302
0.687120988,0.494406917,0.6869099,0.5065302
0.687120988,0.494406917,0.6869099,0.5065302
0.795712449,0.724815812,0.7379782,0.70872986
0.787262515,0.702134576,0.7887373,0.71452624
0.787262871,0.702134043,0.7887373,0.71452624
0.787266033,0.702129316,0.7887373,0.71452624
0.687120988,0.494406917,0.6869099,0.5065302
0.687120988,0.494406917,0.6869099,0.5065302
0.687120988,0.494406917,0.6869099,0.5065302
0.687120988,0.494406917,0.6869099,0.5065302
0.687120988,0.494406917,0.6869099,0.5065302
0.687120988,0.494406917,0.6869099,0.5065302
0.687120988,0.494406917,0.6869099,0.5065302
0.687120988,0.494406917,0.6869099,0.5065302
0.687120988,0.494406917,0.6869099,0.5065302
0.753669504,0.433600715,0.7504176,0.42459232
0.743750156,0.746128818,0.78831494,0.734841
0.552015039,0.379877495,0.5690813,0.36816764
0.397420565,0.558143551,0.40319014,0.58120793
0.552015039,0.379877495,0.5690813,0.36816764
0.397420565,0.558143551,0.40319014,0.58120793
0.552015039,0.379877495,0.5690813,0.36816764
0.397420565,0.558143551,0.40319014,0.58120793
0.552015039,0.379877495,0.5690813,0.36816764
0.397420565,0.558143551,0.40319014,0.58120793
0.552015039,0.379877495,0.5690813,0.36816764
0.397420565,0.558143551,0.40319014,0.58120793
0.552015039,0.379877495,0.5690813,0.36816764
0.397420565,0.558143551,0.40319014,0.58120793
0.552015039,0.379877495,0.5690813,0.36816764
0.397420565,0.558143551,0.40319014,0.58120793
0.552015039,0.379877495,0.5690813,0.36816764
0.453289015,0.549968924,0.4382068,0.5675504
0.669087928,0.372048834,0.6771233,0.35752743
0.687120988,0.494406917,0.6869099,0.5065302
0.669087928,0.372048834,0.6771233,0.35752743
0.687120988,0.494406917,0.6869099,0.5065302
0.669087928,0.372048834,0.6771233,0.35752743
0.687120988,0.494406917,0.6869099,0.5065302
0.669087928,0.372048834,0.6771233,0.35752743
0.687120988,0.494406917,0.6869099,0.5065302
0.669087928,0.372048834,0.6771233,0.35752743
0.687120988,0.494406917,0.6869099,0.5065302
0.669087928,0.372048834,0.6771233,0.35752743
0.687120988,0.494406917,0.6869099,0.5065302
0.669087928,0.372048834,0.6771233,0.35752743
0.687120988,0.494406917,0.6869099,0.5065302
0.669087928,0.372048834,0.6771233,0.35752743
0.622144431,0.497811918,0.62786674,0.5108467
0.552015039,0.379877495,0.5690813,0.36816764
0.397420565,0.558143551,0.40319014,0.58120793
0.552015039,0.379877495,0.5690813,0.36816764
0.397420565,0.558143551,0.40319014,0.58120793
0.552015039,0.379877495,0.5690813,0.36816764
0.397420565,0.558143551,0.40319014,0.58120793
0.552015039,0.379877495,0.5690813,0.36816764
0.397420565,0.558143551,0.40319014,0.58120793
0.552015039,0.379877495,0.5690813,0.36816764
0.397420565,0.558143551,0.40319014,0.58120793
0.552015039,0.379877495,0.5690813,0.36816764
0.397420565,0.558143551,0.40319014,0.58120793
0.552015039,0.379877495,0.5690813,0.36816764
0.397420565,0.558143551,0.40319014,0.58120793
0.552015039,0.379877495,0.5690813,0.36816764
0.523905503,0.293645756,0.5057442,0.29830933
0.604488912,0.263936971,0.6133549,0.2630621
0.604488912,0.263936971,0.6133549,0.2630621
0.604488912,0.263936971,0.6133549,0.2630621
0.604488912,0.263936971,0.6133549,0.2630621
0.604488912,0.263936971,0.6133549,0.2630621
0.604488912,0.263936971,0.6133549,0.2630621
0.604488912,0.263936971,0.6133549,0.2630621
0.738576448,0.452475248,0.7331027,0.4533832
0.850462874,0.657224033,0.870859,0.6456542
0.472486936,0.813150761,0.6387892,0.7008692
0.472485944,0.813150913,0.6387892,0.7008692
0.472485944,0.813150913,0.6387892,0.7008692
0.410750714,0.792217527,0.562472,0.75651515
0.486832627,0.407466125,0.49971503,0.38982654
0.486832627,0.407466125,0.49971503,0.38982654
0.486832627,0.407466125,0.49971503,0.38982654
0.397420565,0.558143551,0.40319014,0.58120793
0.476637497,0.575416225,0.49342123,0.5896222
0.476637497,0.575416225,0.49342123,0.5896222
0.476637497,0.575416225,0.49342123,0.5896222
0.476637497,0.575416225,0.49342123,0.5896222
0.476637497,0.575416225,0.49342123,0.5896222
0.476637497,0.575416225,0.49342123,0.5896222
0.476637497,0.575416225,0.49342123,0.5896222
0.476637497,0.575416225,0.49342123,0.5896222
0.476637497,0.575416225,0.49342123,0.5896222
0.476637497,0.575416225,0.49342123,0.5896222
0.476637497,0.575416225,0.49342123,0.5896222
0.476637497,0.575416225,0.49342123,0.5896222
0.476637497,0.575416225,0.49342123,0.5896222
0.476637497,0.575416225,0.49342123,0.5896222
0.745425701,0.460624354,0.75893545,0.45245135
0.752007411,0.603499948,0.7733247,0.5616987
0.486832627,0.407466125,0.49971503,0.38982654
0.486832627,0.407466125,0.49971503,0.38982654
0.486832627,0.407466125,0.49971503,0.38982654
0.486832627,0.407466125,0.49971503,0.38982654
0.486832627,0.407466125,0.49971503,0.38982654
0.486832627,0.407466125,0.49971503,0.38982654
0.486832627,0.407466125,0.49971503,0.38982654
0.397420565,0.558143551,0.40319014,0.58120793
0.476637497,0.575416225,0.49342123,0.5896222
0.476637497,0.575416225,0.49342123,0.5896222
0.476637497,0.575416225,0.49342123,0.5896222
0.476637497,0.575416225,0.49342123,0.5896222
0.476637497,0.575416225,0.49342123,0.5896222
0.476637497,0.575416225,0.49342123,0.5896222
0.476637497,0.575416225,0.49342123,0.5896222
0.476637497,0.575416225,0.49342123,0.5896222
0.476637497,0.575416225,0.49342123,0.5896222
0.476637497,0.575416225,0.49342123,0.5896222
0.476637497,0.575416225,0.49342123,0.5896222
0.476637497,0.575416225,0.49342123,0.5896222
0.552015039,0.379877495,0.5690813,0.36816764
0.397420565,0.558143551,0.40319014,0.58120793
0.552015039,0.379877495,0.5690813,0.36816764
0.397420565,0.558143551,0.40319014,0.58120793
0.552015039,0.379877495,0.5690813,0.36816764
0.397420565,0.558143551,0.40319014,0.58120793
0.552015039,0.379877495,0.5690813,0.36816764
0.523905503,0.293645756,0.5057442,0.29830933
0.604488912,0.263936971,0.6133549,0.2630621
0.604488912,0.263936971,0.6133549,0.2630621
0.604488912,0.263936971,0.6133549,0.2630621
0.604488912,0.263936971,0.6133549,0.2630621
0.604488912,0.263936971,0.6133549,0.2630621
0.604488912,0.263936971,0.6133549,0.2630621
0.604488912,0.263936971,0.6133549,0.2630621
0.89160315,0.565494569,0.8923689,0.5460502
0.604488912,0.263936971,0.6133549,0.2630621
0.604488912,0.263936971,0.6133549,0.2630621
0.604488912,0.263936971,0.6133549,0.2630621
0.604488912,0.263936971,0.6133549,0.2630621
0.604488912,0.263936971,0.6133549,0.2630621
0.891602751,0.565496055,0.8923689,0.5460502
0.774990886,0.735093512,0.66080153,0.7624149
0.486832627,0.407466125,0.49971503,0.38982654
0.486832627,0.407466125,0.49971503,0.38982654
0.486832627,0.407466125,0.49971503,0.38982654
0.486832627,0.407466125,0.49971503,0.38982654
0.486832627,0.407466125,0.49971503,0.38982654
0.486832627,0.407466125,0.49971503,0.38982654
0.486832627,0.407466125,0.49971503,0.38982654
0.486832627,0.407466125,0.49971503,0.38982654
0.486832627,0.407466125,0.49971503,0.38982654
0.486832627,0.407466125,0.49971503,0.38982654
0.486832627,0.407466125,0.49971503,0.38982654
0.486832627,0.407466125,0.49971503,0.38982654
0.486832627,0.407466125,0.49971503,0.38982654
0.75093858,0.738876337,0.54901975,0.87067795
0.273672712,0.613244931,0.2706058,0.6116752
0.273672712,0.613244931,0.2706058,0.6116752
0.273672712,0.613244931,0.2706058,0.6116752
0.273672712,0.613244931,0.2706058,0.6116752
0.273672712,0.613244931,0.2706058,0.6116752
0.273672712,0.613244931,0.2706058,0.6116752
0.273672712,0.613244931,0.2706058,0.6116752
0.273672712,0.613244931,0.2706058,0.6116752
0.24748996,0.321953489,0.23861435,0.32694483
0.247660552,0.376781193,0.22739393,0.37643743
0.24748996,0.321953489,0.23861435,0.32694483
0.247660552,0.376781193,0.22739393,0.37643743
0.24748996,0.321953489,0.23861435,0.32694483
0.247660552,0.376781193,0.22739393,0.37643743
0.24748996,0.321953489,0.23861435,0.32694483
0.247660552,0.376781193,0.22739393,0.37643743
0.249654875,0.475328119,0.24697718,0.4776191
0.249654875,0.475328119,0.23595583,0.46458972
0.249654875,0.475328119,0.24697718,0.4776191
0.249654875,0.475328119,0.23595583,0.46458972
0.249654875,0.475328119,0.24697718,0.4776191
0.249654875,0.475328119,0.23595583,0.46458972
0.249654875,0.475328119,0.24697718,0.4776191
0.249654875,0.475328119,0.23595583,0.46458972
0.246113017,0.369156036,0.22886288,0.37519938
0.246113017,0.369156036,0.2253781,0.38406426
0.246113017,0.369156036,0.22886288,0.37519938
0.246113017,0.369156036,0.2253781,0.38406426
0.246113017,0.369156036,0.22886288,0.37519938
0.246113017,0.369156036,0.2253781,0.38406426
0.246113017,0.369156036,0.22886288,0.37519938
0.246113017,0.369156036,0.2253781,0.38406426
0.218621628,0.21175812,0.22322814,0.22334404
0.218621628,0.21175812,0.22507061,0.2272775
0.218621628,0.21175812,0.22322814,0.22334404
0.218621628,0.21175812,0.22507061,0.2272775
0.218621628,0.21175812,0.22322814,0.22334404
0.218621628,0.21175812,0.22507061,0.2272775
0.218621628,0.21175812,0.22322814,0.22334404
0.218621628,0.21175812,0.22507061,0.2272775
0.243795478,0.35154018,0.25132224,0.3516062
0.21880922,0.346874594,0.22282963,0.35989863
0.243795478,0.35154018,0.25132224,0.3516062
0.21880922,0.346874594,0.22282963,0.35989863
0.243795478,0.35154018,0.25132224,0.3516062
0.21880922,0.346874594,0.22282963,0.35989863
0.243795478,0.35154018,0.25132224,0.3516062
0.21880922,0.346874594,0.22282963,0.35989863
0.273672712,0.613244931,0.2706058,0.6116752
0.273672712,0.613244931,0.2706058,0.6116752
0.273672712,0.613244931,0.2706058,0.6116752
0.273672712,0.613244931,0.2706058,0.6116752
0.721347796,0.189928795,0.7198584,0.19795993
0.721347796,0.189928795,0.7198584,0.19795993
0.721347796,0.189928795,0.7198584,0.19795993
0.721347796,0.189928795,0.7198584,0.19795993
0.521068072,0.21043232,0.49583247,0.22365695
0.564116417,0.099022922,0.59022605,0.08373439
0.587866734,0.081345555,0.5880152,0.08470364
0.564116417,0.099022922,0.59022605,0.08373439
0.587866734,0.081345555,0.5880152,0.08470364
0.564116417,0.099022922,0.59022605,0.08373439
0.587866734,0.081345555,0.5880152,0.08470364
0.564116417,0.099022922,0.59022605,0.08373439
0.711659273,0.175835491,0.72077143,0.15447888
0.711659273,0.175835491,0.72077143,0.15447888
0.711659273,0.175835491,0.72077143,0.15447888
0.711659273,0.175835491,0.72077143,0.15447888
0.21880922,0.346874594,0.22725612,0.3616708
0.21880922,0.346874594,0.22282963,0.35989863
0.21880922,0.346874594,0.22725612,0.3616708
0.21880922,0.346874594,0.22282963,0.35989863
0.239704957,0.336987432,0.24129285,0.34400678
0.239704957,0.336987432,0.24129285,0.34400678
0.239704957,0.336987432,0.24129285,0.34400678
0.239704957,0.336987432,0.24129285,0.34400678
0.239704957,0.336987432,0.24129285,0.34400678
0.239704957,0.336987432,0.24129285,0.34400678
0.239704957,0.336987432,0.24129285,0.34400678
0.239704957,0.336987432,0.24129285,0.34400678
0.295946533,0.569633577,0.514037,0.5156408
0.263591457,0.594040269,0.2894646,0.6180781
0.295946533,0.569633577,0.514037,0.5156408
0.263591457,0.594040269,0.2894646,0.6180781
0.249654875,0.475328119,0.25690427,0.48892462
0.271585619,0.435689692,0.28651482,0.4451105
0.249654875,0.475328119,0.25690427,0.48892462
0.271585619,0.435689692,0.28651482,0.4451105
0.249654875,0.475328119,0.25690427,0.48892462
0.271585619,0.435689692,0.28651482,0.4451105
0.249654875,0.475328119,0.25690427,0.48892462
0.271585619,0.435689692,0.28651482,0.4451105
0.21880922,0.346874594,0.22725612,0.3616708
0.21880922,0.346874594,0.22282963,0.35989863
0.21880922,0.346874594,0.22725612,0.3616708
0.21880922,0.346874594,0.22282963,0.35989863
0.273672712,0.613244931,0.2706058,0.6116752
0.273672712,0.613244931,0.2706058,0.6116752
0.273672712,0.613244931,0.2706058,0.6116752
0.273672712,0.613244931,0.2706058,0.6116752
0.273672712,0.613244931,0.2706058,0.6116752
0.273672712,0.613244931,0.2706058,0.6116752
0.273672712,0.613244931,0.2706058,0.6116752
0.273672712,0.613244931,0.2706058,0.6116752
0.273672712,0.613244931,0.2706058,0.6116752
0.273672712,0.613244931,0.2706058,0.6116752
0.273672712,0.613244931,0.2706058,0.6116752
0.273672712,0.613244931,0.2706058,0.6116752
0.239704957,0.336987432,0.24129285,0.34400678
0.239704957,0.336987432,0.24129285,0.34400678
0.239704957,0.336987432,0.24129285,0.34400678
0.239704957,0.336987432,0.24129285,0.34400678
0.239704957,0.336987432,0.24129285,0.34400678
0.239704957,0.336987432,0.24129285,0.34400678
0.239704957,0.336987432,0.24129285,0.34400678
0.239704957,0.336987432,0.24129285,0.34400678
0.247891143,0.472196055,0.24871936,0.47576457
0.271416723,0.434676261,0.28190523,0.44237316
0.247891143,0.472196055,0.24871936,0.47576457
0.271416723,0.434676261,0.28190523,0.44237316
0.247891143,0.472196055,0.24871936,0.47576457
0.271416723,0.434676261,0.28190523,0.44237316
0.247891143,0.472196055,0.24871936,0.47576457
0.271416723,0.434676261,0.28190523,0.44237316
0.587361859,0.24694284,0.59528214,0.23903076
0.21880922,0.346874594,0.22001016,0.33591878
0.21880922,0.346874594,0.22282963,0.35989863
0.249603337,0.253041366,0.24408126,0.21638475
0.21880922,0.346874594,0.22725612,0.3616708
0.21880922,0.346874594,0.22282963,0.35989863
0.712006023,0.17691442,0.7294568,0.21410751
0.554517013,0.137389428,0.56715727,0.17835242
0.603198298,0,0.50246334,0.031695772
0.620819355,0.019670254,0.63154316,-0.004363269
0.599592267,0.000822027,0.61687875,-0.026341766
0.185781637,0.10134925,0.19613533,0.098530784
0.064532563,0.3253775,0.06723666,0.32187587
0.064532732,0.325377009,0.059468612,0.3331511
0.064535603,0.325368661,0.06723666,0.32187587
0.214184491,0.112094991,0.18826668,0.10820182
0.27020921,0.494026695,0.26901254,0.5003519
0.233904281,0.182398721,0.218925,0.17098582
0.27020921,0.494026695,0.26901254,0.5003519
0.233904281,0.182398721,0.218925,0.17098582
0.27020921,0.494026695,0.26901254,0.5003519
0.233904281,0.182398721,0.218925,0.17098582
0.27020921,0.494026695,0.26901254,0.5003519
0.235107806,0.182419029,0.2288635,0.20116986
0.299597655,0.577517837,0.37998337,0.57511544
0.298636422,0.481840321,0.3013792,0.47963136
0.299597655,0.577517837,0.37998337,0.57511544
0.298636422,0.481840321,0.3013792,0.47963136
0.299597655,0.577517837,0.37998337,0.57511544
0.298636422,0.481840321,0.3013792,0.47963136
0.261826648,0.52912366,0.2596542,0.5331887
0.261826648,0.52912366,0.2596542,0.5331887
0.261826648,0.52912366,0.2596542,0.5331887
0.261826648,0.52912366,0.2596542,0.5331887
0.261826648,0.52912366,0.2596542,0.5331887
0.261826648,0.52912366,0.2596542,0.5331887
0.261826648,0.52912366,0.2596542,0.5331887
0.162940314,0.484231972,0.17450869,0.48551458
0.261826648,0.52912366,0.2596542,0.5331887
0.261826648,0.52912366,0.2596542,0.5331887
0.261826648,0.52912366,0.2596542,0.5331887
0.261826648,0.52912366,0.2596542,0.5331887
0.261826648,0.52912366,0.2596542,0.5331887
0.261826648,0.52912366,0.2596542,0.5331887
0.261826648,0.52912366,0.2596542,0.5331887
0.157466503,0.42776734,0.15768462,0.42576236
0.261826648,0.52912366,0.2596542,0.5331887
0.261826648,0.52912366,0.2596542,0.5331887
0.261826648,0.52912366,0.2596542,0.5331887
0.261826648,0.52912366,0.2596542,0.5331887
0.261826648,0.52912366,0.2596542,0.5331887
0.261826648,0.52912366,0.2596542,0.5331887
0.252788071,0.484741316,0.26195893,0.4676596
0.157466503,0.42776734,0.15768462,0.42576236
0.261826648,0.52912366,0.2596542,0.5331887
0.261826648,0.52912366,0.2596542,0.5331887
0.261826648,0.52912366,0.2596542,0.5331887
0.261826648,0.52912366,0.2596542,0.5331887
0.261826648,0.52912366,0.2596542,0.5331887
0.261826648,0.52912366,0.2596542,0.5331887
0.261826648,0.52912366,0.2596542,0.5331887
0.157466503,0.42776734,0.15768462,0.42576236
0.261826648,0.52912366,0.2596542,0.5331887
0.261826648,0.52912366,0.2596542,0.5331887
0.261826648,0.52912366,0.2596542,0.5331887
0.261826648,0.52912366,0.2596542,0.5331887
0.261826648,0.52912366,0.2596542,0.5331887
0.261826648,0.52912366,0.2596542,0.5331887
0.261826648,0.52912366,0.2596542,0.5331887
0.157466503,0.42776734,0.15768462,0.42576236
0.261826648,0.52912366,0.2596542,0.5331887
0.261826648,0.52912366,0.2596542,0.5331887
0.261826648,0.52912366,0.2596542,0.5331887
0.261826648,0.52912366,0.2596542,0.5331887
0.261826648,0.52912366,0.2596542,0.5331887
0.261826648,0.52912366,0.2596542,0.5331887
0.261826648,0.52912366,0.2596542,0.5331887
0.157466503,0.42776734,0.15768462,0.42576236
0.261826648,0.52912366,0.2596542,0.5331887
0.261826648,0.52912366,0.2596542,0.5331887
0.261826648,0.52912366,0.2596542,0.5331887
0.261826648,0.52912366,0.2596542,0.5331887
0.261826648,0.52912366,0.2596542,0.5331887
0.261826648,0.52912366,0.2596542,0.5331887
0.265731964,0.499498645,0.284953,0.50288737
0.157466503,0.42776734,0.15768462,0.42576236
0.261826648,0.52912366,0.2596542,0.5331887
0.261826648,0.52912366,0.2596542,0.5331887
0.261826648,0.52912366,0.2596542,0.5331887
0.261826648,0.52912366,0.2596542,0.5331887
0.261826648,0.52912366,0.2596542,0.5331887
0.261826648,0.52912366,0.2596542,0.5331887
0.261826648,0.52912366,0.2596542,0.5331887
0.157466503,0.42776734,0.15768462,0.42576236
0.261826648,0.52912366,0.2596542,0.5331887
0.261826648,0.52912366,0.2596542,0.5331887
0.261826648,0.52912366,0.2596542,0.5331887
0.261826648,0.52912366,0.2596542,0.5331887
0.261826648,0.52912366,0.2596542,0.5331887
0.261826648,0.52912366,0.2596542,0.5331887
0.261826648,0.52912366,0.2596542,0.5331887
0.157466503,0.42776734,0.15768462,0.42576236
0.252788071,0.484741316,0.24713278,0.4747365
0.189438831,0.452852274,0.26335827,0.39842457
0.252788071,0.484741316,0.24713278,0.4747365
0.189438831,0.452852274,0.26335827,0.39842457
0.252788071,0.484741316,0.24713278,0.4747365
0.189438831,0.452852274,0.26335827,0.39842457
0.252788071,0.484741316,0.24713278,0.4747365
0.146918686,0.430761266,0.1757729,0.40211928
0.261826648,0.52912366,0.2596542,0.5331887
0.261826648,0.52912366,0.2596542,0.5331887
0.261826648,0.52912366,0.2596542,0.5331887
0.261826648,0.52912366,0.2596542,0.5331887
0.261826648,0.52912366,0.2596542,0.5331887
0.261826648,0.52912366,0.2596542,0.5331887
0.261826648,0.52912366,0.2596542,0.5331887
0.157466503,0.42776734,0.15768462,0.42576236
0.111691341,0.419319277,0.11670757,0.42148143
0.111691341,0.419319277,0.11670757,0.42148143
0.111691341,0.419319277,0.11670757,0.42148143
0.111932502,0.391350146,0.1175601,0.3936032
0.111691341,0.419319277,0.11670757,0.42148143
0.111932502,0.391350146,0.1175601,0.3936032
0.111691341,0.419319277,0.11670757,0.42148143
0.111932502,0.391350146,0.1175601,0.3936032
0.261826648,0.52912366,0.2596542,0.5331887
0.261826648,0.52912366,0.2596542,0.5331887
0.261826648,0.52912366,0.2596542,0.5331887
0.261826648,0.52912366,0.2596542,0.5331887
0.261826648,0.52912366,0.2596542,0.5331887
0.261826648,0.52912366,0.2596542,0.5331887
0.261826648,0.52912366,0.2596542,0.5331887
0.261826648,0.52912366,0.2596542,0.5331887
0.261826648,0.52912366,0.2596542,0.5331887
0.261826648,0.52912366,0.2596542,0.5331887
0.261826648,0.52912366,0.2596542,0.5331887
0.162940314,0.484231972,0.17450869,0.48551458
0.261826648,0.52912366,0.2596542,0.5331887
0.261826648,0.52912366,0.2596542,0.5331887
0.261826648,0.52912366,0.2596542,0.5331887
0.261826648,0.52912366,0.2596542,0.5331887
0.226154292,0.478328548,0.23121265,0.47038049
0.201268773,0.478292565,0.2507876,0.45270598
0.226154292,0.478328548,0.23121265,0.47038049
0.146918686,0.430761266,0.1757729,0.40211928
0.261826648,0.52912366,0.2596542,0.5331887
0.261826648,0.52912366,0.2596542,0.5331887
0.261826648,0.52912366,0.2596542,0.5331887
0.261826648,0.52912366,0.2596542,0.5331887
0.261826648,0.52912366,0.2596542,0.5331887
0.261826648,0.52912366,0.2596542,0.5331887
0.261826648,0.52912366,0.2596542,0.5331887
0.261826648,0.52912366,0.2596542,0.5331887
0.261826648,0.52912366,0.2596542,0.5331887
0.139864377,0.740928549,0.14031532,0.7470019
0.140227378,0.74127858,0.14031532,0.7470019
0.068299774,0.640345675,0.08216004,0.6325515
0.261826648,0.52912366,0.2596542,0.5331887
0.261826648,0.52912366,0.2596542,0.5331887
0.261826648,0.52912366,0.2596542,0.5331887
0.162940314,0.484231972,0.17450869,0.48551458
0.162940314,0.484231972,0.17450869,0.48551458
0.162940314,0.484231972,0.17450869,0.48551458
0.261826648,0.52912366,0.2596542,0.5331887
0.252788071,0.484741316,0.26195893,0.4676596
0.261826648,0.52912366,0.2596542,0.5331887
0.261826648,0.52912366,0.2596542,0.5331887
0.140049023,0.741106707,0.14031532,0.7470019
0.068379593,0.640497232,0.08216004,0.6325515
0.140200832,0.741253012,0.14031532,0.7470019
0.14014392,0.741198181,0.14031532,0.7470019
0.14022142,0.741272843,0.14031532,0.7470019
0.10473961,0.556430509,0.11148305,0.5625845
0.261826648,0.52912366,0.2596542,0.5331887
0.261826648,0.52912366,0.2596542,0.5331887
0.252788071,0.484741316,0.26195893,0.4676596
0.252788071,0.484741316,0.26195893,0.4676596
0.261826648,0.52912366,0.2596542,0.5331887
0.261826648,0.52912366,0.2596542,0.5331887
0.261826648,0.52912366,0.2596542,0.5331887
0.162940314,0.484231972,0.17450869,0.48551458
0.261826648,0.52912366,0.2596542,0.5331887
0.261826648,0.52912366,0.2596542,0.5331887
0.261826648,0.52912366,0.2596542,0.5331887
0.162940314,0.484231972,0.17450869,0.48551458
0.582480211,0.507601076,0.6011516,0.51063037
0.582480211,0.507601076,0.6011516,0.51063037
0.582480211,0.507601076,0.6011516,0.51063037
0.582480211,0.507601076,0.6011516,0.51063037
0.582480211,0.507601076,0.6011516,0.51063037
0.582480211,0.507601076,0.6011516,0.51063037
0.582480211,0.507601076,0.6011516,0.51063037
0.582480211,0.507601076,0.6011516,0.51063037
0.573668586,0.506601388,0.58506095,0.5088666
0.573668586,0.506601388,0.58506095,0.5088666
0.573668586,0.506601388,0.58506095,0.5088666
0.573668586,0.506601388,0.58506095,0.5088666
0.573668586,0.506601388,0.58506095,0.5088666
0.573668586,0.506601388,0.58506095,0.5088666
0.573668586,0.506601388,0.58506095,0.5088666
0.573668586,0.506601388,0.58506095,0.5088666
0.626495924,0.914100181,0.6361895,0.9165377
0.626550224,0.914078495,0.6361895,0.9165377
0.626495924,0.914100181,0.6361895,0.9165377
0.62649594,0.914100175,0.6361895,0.9165377
0.603368429,0.822398064,0.61782944,0.81971544
0.603368398,0.822398077,0.61782944,0.81971544
0.603368424,0.822398066,0.61782944,0.81971544
0.60336842,0.822398068,0.61782944,0.81971544
0.581064618,0.549122304,0.5894029,0.5510542
0.560043704,0.475189651,0.5787127,0.4737391
0.581064618,0.549122304,0.5894029,0.5510542
0.560043704,0.475189651,0.5787127,0.4737391
0.581064618,0.549122304,0.5894029,0.5510542
0.560043704,0.475189651,0.5787127,0.4737391
0.56922533,0.541235235,0.5868988,0.54243684
0.496607974,0.541499113,0.49052313,0.5549123
0.58053253,0.545383338,0.5715407,0.53600955
0.558777725,0.477014659,0.55796623,0.46600974
0.58053253,0.545383338,0.5715407,0.53600955
0.560170324,0.449479352,0.5855224,0.45181227
0.58053253,0.545383338,0.5715407,0.53600955
0.558777725,0.477014659,0.55796623,0.46600974
0.58053253,0.545383338,0.5715407,0.53600955
0.560170324,0.449479352,0.5855224,0.45181227
0.581064618,0.549122304,0.5894029,0.5510542
0.560043704,0.475189651,0.56099904,0.48662788
0.581064618,0.549122304,0.5894029,0.5510542
0.560043704,0.475189651,0.56099904,0.48662788
0.581064618,0.549122304,0.5894029,0.5510542
0.560043704,0.475189651,0.56099904,0.48662788
0.581064618,0.549122304,0.5894029,0.5510542
0.560043704,0.475189651,0.56099904,0.48662788
0.581064618,0.549122304,0.5894029,0.5510542
0.560043704,0.475189651,0.5787127,0.4737391
0.581064618,0.549122304,0.5894029,0.5510542
0.560043704,0.475189651,0.5787127,0.4737391
0.581064618,0.549122304,0.5894029,0.5510542
0.560043704,0.475189651,0.5787127,0.4737391
0.581064618,0.549122304,0.5894029,0.5510542
0.560043704,0.475189651,0.5787127,0.4737391
0.58053253,0.545383338,0.5715407,0.53600955
0.558777725,0.477014659,0.55796623,0.46600974
0.58053253,0.545383338,0.5715407,0.53600955
0.558777725,0.477014659,0.55796623,0.46600974
0.58053253,0.545383338,0.5715407,0.53600955
0.558777725,0.477014659,0.55796623,0.46600974
0.58053253,0.545383338,0.5715407,0.53600955
0.560170324,0.449479352,0.5855224,0.45181227
0.581064618,0.549122304,0.58809674,0.54817605
0.560043704,0.475189651,0.57187855,0.46759933
0.581064618,0.549122304,0.58809674,0.54817605
0.560043704,0.475189651,0.57187855,0.46759933
0.581064618,0.549122304,0.58809674,0.54817605
0.560043704,0.475189651,0.57187855,0.46759933
0.581064618,0.549122304,0.58809674,0.54817605
0.560043704,0.475189651,0.57187855,0.46759933
0.581064618,0.549122304,0.58809674,0.54817605
0.560043704,0.475189651,0.57187855,0.46759933
0.581064618,0.549122304,0.58809674,0.54817605
0.560043704,0.475189651,0.57187855,0.46759933
0.581064618,0.549122304,0.58809674,0.54817605
0.560043704,0.475189651,0.57187855,0.46759933
0.581064618,0.549122304,0.5894029,0.5510542
0.567190687,0.540456383,0.592726,0.5591011
0.581064618,0.549122304,0.58809674,0.54817605
0.554402539,0.428851624,0.55439603,0.43519002
0.581064618,0.549122304,0.58809674,0.54817605
0.554402539,0.428851624,0.55439603,0.43519002
0.581064618,0.549122304,0.58809674,0.54817605
0.554402539,0.428851624,0.55439603,0.43519002
0.581064618,0.549122304,0.58809674,0.54817605
0.554402539,0.428851624,0.55439603,0.43519002
0.581064618,0.549122304,0.58809674,0.54817605
0.554402539,0.428851624,0.55439603,0.43519002
0.581064618,0.549122304,0.58809674,0.54817605
0.550960862,0.426956103,0.55920446,0.42804086
0.581064618,0.549122304,0.58809674,0.54817605
0.550960862,0.426956103,0.55920446,0.42804086
0.581064618,0.549122304,0.58809674,0.54817605
0.550960862,0.426956103,0.55920446,0.42804086
0.581064618,0.549122304,0.58809674,0.54817605
0.550960862,0.426956103,0.55920446,0.42804086
0.581064618,0.549122304,0.58809674,0.54817605
0.550960862,0.426956103,0.55920446,0.42804086
0.581064618,0.549122304,0.58809674,0.54817605
0.550960862,0.426956103,0.55920446,0.42804086
0.581064618,0.549122304,0.58809674,0.54817605
0.550960862,0.426956103,0.55920446,0.42804086
0.581064618,0.549122304,0.58809674,0.54817605
0.550960862,0.426956103,0.55920446,0.42804086
0.581064618,0.549122304,0.58809674,0.54817605
0.550960862,0.426956103,0.55920446,0.42804086
0.581064618,0.549122304,0.5894029,0.5510542
0.581064618,0.549122304,0.5894029,0.5510542
0.581064618,0.549122304,0.5894029,0.5510542
0.560043704,0.475189651,0.56099904,0.48662788
0.581064618,0.549122304,0.5894029,0.5510542
0.581064618,0.549122304,0.5894029,0.5510542
0.581064618,0.549122304,0.5894029,0.5510542
0.496607974,0.541499113,0.49052313,0.5549123
0.552302148,0.442866487,0.5712209,0.4449188
0.57223547,0.475007795,0.58694565,0.4925362
0.552302148,0.442866487,0.5712209,0.4449188
0.57223547,0.475007795,0.58694565,0.4925362
0.552302148,0.442866487,0.5712209,0.4449188
0.57223547,0.475007795,0.58694565,0.4925362
0.552302148,0.442866487,0.5712209,0.4449188
0.57223547,0.475007795,0.58694565,0.4925362
0.569114536,0.443818734,0.5691335,0.4668399
0.572853045,0.474072855,0.59303874,0.47266984
0.552867117,0.441835841,0.55846846,0.4386052
0.572853045,0.474072855,0.5832219,0.4812811
0.569114536,0.443818734,0.5691335,0.4668399
0.572853045,0.474072855,0.59303874,0.47266984
0.552867117,0.441835841,0.55846846,0.4386052
0.572853045,0.474072855,0.5832219,0.4812811
0.581064618,0.549122304,0.58809674,0.54817605
0.56922533,0.541235235,0.5868988,0.54243684
0.581064618,0.549122304,0.58809674,0.54817605
0.56922533,0.541235235,0.5868988,0.54243684
0.581064618,0.549122304,0.58809674,0.54817605
0.56922533,0.541235235,0.5868988,0.54243684
0.581064618,0.549122304,0.58809674,0.54817605
0.56922533,0.541235235,0.5868988,0.54243684
0.581064618,0.549122304,0.5894029,0.5510542
0.581064618,0.549122304,0.5894029,0.5510542
0.581064618,0.549122304,0.5894029,0.5510542
0.581064618,0.549122304,0.5894029,0.5510542
0.581064618,0.549122304,0.5894029,0.5510542
0.581064618,0.549122304,0.5894029,0.5510542
0.581064618,0.549122304,0.58809674,0.54817605
0.56922533,0.541235235,0.5868988,0.54243684
0.568766704,0.491017136,0.5695531,0.4984511
0.573047881,0.521297479,0.5823833,0.52177924
0.592801408,0.500811491,0.5886017,0.50511307
0.573047881,0.521297479,0.5760388,0.53412575
0.568766704,0.491017136,0.5695531,0.4984511
0.573047881,0.521297479,0.5823833,0.52177924
0.592801408,0.500811491,0.5886017,0.50511307
0.573047881,0.521297479,0.5760388,0.53412575
0.594773936,0.646794127,0.5880518,0.64481395
0.618509572,0.653557496,0.6321272,0.6558603
0.594773936,0.646794127,0.5880518,0.64481395
0.618509572,0.653557496,0.6321272,0.6558603
0.594773936,0.646794127,0.5880518,0.64481395
0.618509572,0.653557496,0.6321272,0.6558603
0.594773936,0.646794127,0.5880518,0.64481395
0.618509572,0.653557496,0.6321272,0.6558603
0.607973151,0.765221435,0.6122788,0.7675701
0.667539381,0.755365742,0.666331,0.7290987
0.607982008,0.765216236,0.6122788,0.7675701
0.667539263,0.755365845,0.666331,0.7290987
0.607973593,0.765221176,0.6122788,0.7675701
0.667539268,0.755365841,0.666331,0.7290987
0.607973472,0.765221247,0.6122788,0.7675701
0.66818579,0.754799641,0.666331,0.7290987
0.571997319,0.490097425,0.5695531,0.4984511
0.568532476,0.36609296,0.57680047,0.37576866
0.571997319,0.490097425,0.5695531,0.4984511
0.568532476,0.36609296,0.57680047,0.37576866
0.571997319,0.490097425,0.5695531,0.4984511
0.568532476,0.36609296,0.57680047,0.37576866
0.571997319,0.490097425,0.5695531,0.4984511
0.568532476,0.36609296,0.57680047,0.37576866
0.571997319,0.490097425,0.5695531,0.4984511
0.568532476,0.36609296,0.57680047,0.37576866
0.581528102,0.490857746,0.57634306,0.49341404
0.552795616,0.361299947,0.5539365,0.35415322
0.581528102,0.490857746,0.57634306,0.49341404
0.552795616,0.361299947,0.5539365,0.35415322
0.581528102,0.490857746,0.5753446,0.487742
0.555757259,0.354651896,0.5682441,0.33833367
0.581064618,0.549122304,0.5894029,0.5510542
0.560043704,0.475189651,0.5787127,0.4737391
0.581064618,0.549122304,0.5894029,0.5510542
0.560043704,0.475189651,0.5787127,0.4737391
0.581064618,0.549122304,0.5894029,0.5510542
0.560043704,0.475189651,0.5787127,0.4737391
0.581064618,0.549122304,0.5894029,0.5510542
0.560043704,0.475189651,0.5787127,0.4737391
0.571997319,0.490097425,0.5712824,0.49663806
0.571192919,0.356838837,0.58204794,0.3612945
0.571997319,0.490097425,0.5712824,0.49663806
0.57119292,0.356838837,0.58204794,0.3612945
0.571997319,0.490097425,0.5712824,0.49663806
0.571192919,0.356838837,0.58204794,0.3612945
0.571997319,0.490097425,0.5712824,0.49663806
0.571192919,0.356838837,0.58204794,0.3612945
0.607992944,0.765209817,0.6122788,0.7675701
0.635402981,0.790917572,0.6277734,0.78100145
0.608003395,0.765203681,0.6122788,0.7675701
0.635403059,0.790917524,0.6277734,0.78100145
0.607973624,0.765221158,0.6122788,0.7675701
0.635403005,0.790917557,0.6277734,0.78100145
0.607986393,0.765213662,0.6122788,0.7675701
0.659366351,0.610429443,0.6438714,0.63308173
0.733502629,0.481417299,0.7536994,0.4865679
0.400800541,0.271034764,0.41594157,0.235619
0.785662782,0.591947454,0.8116127,0.5559059
0.518048887,0.352907379,0.5274159,0.33577633
0.511057743,0.327806781,0.52408135,0.32204965
0.489862304,0.079366502,0.5736078,0.26600778
0.460112397,0.338503406,0.48269528,0.32567877
0.329434886,0.638498124,0.33588296,0.6421546
0.7973911,0.229843822,0.80327404,0.2132782
0.625282518,0.43908301,0.64604807,0.43517852
0.559807072,0.284950283,0.7975316,0.17657837
0.387857875,0.660104525,0.64512426,0.30044347
0.363766837,0.723659842,0.36293525,0.67360497
0.259298523,0.201594596,0.2665288,0.2067563
0.566920079,0.320663213,0.5656755,0.32305652
0.540463084,0.346598189,0.52890766,0.3634501
0.533702751,0.229156796,0.5260216,0.210119
0.391690219,0.261430039,0.38632727,0.29278702
0.568811126,0.304242322,0.5702727,0.31173038
0.656902669,0.329372398,0.6763315,0.30211294
0.258942516,0.595681544,0.27648026,0.6123051
0.522331849,0.622330922,0.4200425,0.6459004
0.527873382,0.483415372,0.40375823,0.5123669
0.269046063,0.597863502,0.2842441,0.6000231
0.196464673,0.388140975,0.19410403,0.38613617
0.388967222,0.600123348,0.3898493,0.61087143
0.514265017,0.642829629,0.57197654,0.6585964
0.531976211,0.630868263,0.54415756,0.6379402
0.817721448,0.627919193,0.84153366,0.63772744
0.294827729,0.565611371,0.30930346,0.55121577
0.292468521,0.531468482,0.3177591,0.550415
0.727783035,0.425885253,0.6757326,0.40137118
0.263591457,0.594040269,0.28158325,0.6106337
0.462906863,0.626495347,0.5957494,0.5793313
0.460537174,0.54850441,0.44301584,0.5632718
0.269046063,0.597863502,0.2706058,0.6116752
0.404646729,0.605569875,0.38257453,0.57874256
0.408401438,0.423111737,0.38205063,0.41632783
0.662944512,0.395115734,0.6388546,0.38944322
0.272141757,0.604445873,0.2559866,0.624238
0.295279716,0.560828727,0.8180356,0.47290462
0.275848225,0.592382366,0.3244885,0.5649052
0.432998853,0.600608039,0.44286457,0.6094212
0.414688542,0.49916833,0.45193505,0.49554056
0.413797293,0.497486325,0.30766127,0.5113443
0.261320036,0.777895515,0.2766677,0.7520642
0.447553585,0.528798817,0.4901692,0.5585409
0.286526958,0.615131322,0.29990125,0.6192826
0.318823952,0.606261091,0.307912,0.582024
0.134082011,0.201687875,0.17115937,0.19792072
0.134208765,0.201529561,0.17115937,0.19792072
0.547589444,0.709151093,0.55023396,0.71168447
0.579712304,0.688353896,0.57069314,0.69546866
0.598237356,0.71482231,0.5989676,0.7160103
0.611609014,0.717812728,0.6272218,0.73003364
0.557892908,0.668566909,0.57346815,0.6597199
0.608163148,0.726785369,0.59252834,0.735553
0.507024879,0.705007411,0.48897806,0.71178436
0.498420226,0.639120574,0.558019,0.6604239
0.35825788,0.543328928,0.37613437,0.51712817
0.35825788,0.543328928,0.37613437,0.51712817
0.182825789,0.387190646,0.25012884,0.39169127
0.182825789,0.387190646,0.25012884,0.39169127
0.718026301,0.587528552,0.7310159,0.61279374
0.718026301,0.587528552,0.7310159,0.61279374
0.554571886,0.649410916,0.5618109,0.6592419
0.554571886,0.649410916,0.5618109,0.6592419
0.619630128,0.690519958,0.6428106,0.6662985
0.597742108,0.663125841,0.6178952,0.66553986
0.596296471,0.651163389,0.60982525,0.6511368
0.596296471,0.651163389,0.60982525,0.6511368
0.641283683,0.606711561,0.65238476,0.5832459
0.641283683,0.606711561,0.65238476,0.5832459
0.591153208,0.377370459,0.601599,0.3552602
0.624066464,0.683868887,0.64185166,0.6717129
0.601292474,0.686423032,0.6207276,0.69956535
0.601292474,0.686423032,0.6207276,0.69956535
0.504446091,0.650227156,0.61449033,0.3031397
0.580685978,0.625487785,0.59365714,0.59994936
0.805909901,0.543678977,0.7947223,0.5420124
0.805909901,0.543678977,0.7947223,0.5420124
0.593448081,0.674112822,0.61181813,0.66410214
0.593814032,0.680758626,0.55332184,0.7287278
0.587653186,0.63749302,0.5353997,0.60565954
0.587653186,0.63749302,0.5353997,0.60565954
0.635823566,0.757932667,0.6451702,0.7654329
0.635821362,0.757934267,0.6451702,0.7654329
0.269046063,0.597863502,0.2706058,0.6116752
0.269046063,0.597863502,0.2706058,0.6116752
0.402589235,0.645492493,0.40879002,0.49997073
0.401137651,0.647824693,0.44887003,0.7453532
0.713474874,0.564124462,0.7065618,0.5620486
0.658720319,0.505772257,0.68127835,0.50875473
0.542766423,0.266010733,0.4203247,0.17981194
0.508788346,0.140133021,0.4997735,0.15618591
0.507923984,0.101046789,0.5191363,0.10638815
0.507923984,0.101046789,0.5191363,0.10638815
0.689250869,0.281320885,0.67784595,0.26939672
0.68925087,0.281320886,0.67784595,0.26939672
0.252835024,0.604889298,0.2261233,0.5977633
0.252835024,0.604889298,0.2261233,0.5977633
0.338871009,0.455935272,0.3597614,0.44448954
0.343320764,0.496834173,0.33089796,0.47324115
0.279726836,0.43976448,0.28438666,0.43333882
0.279726836,0.43976448,0.28438666,0.43333882